{
  "Apparel": {
    "Misc": {
      "count": 36,
      "categories_full": [
        "Apparel/Apparel Accessories",
        "Apparel/Dry Cleaning & Alterations",
        "Apparel/Footwear"
      ]
    },
    "Clothing": {
      "count": 61,
      "categories_full": [
        "Apparel/Clothing"
      ]
    },
    "Jewelry": {
      "count": 31,
      "categories_full": [
        "Apparel/Jewelry"
      ]
    }
  },
  "Arts & Entertainment": {
    "Cartoons": {
      "count": 29,
      "categories_full": [
        "Arts & Entertainment/Cartoons"
      ]
    },
    "Misc": {
      "count": 74,
      "categories_full": [
        "Arts & Entertainment/Comics & Graphic Novels",
        "Arts & Entertainment/Entertainment Media Retailers",
        "Arts & Entertainment/Event Entertainment",
        "Arts & Entertainment/Events, Shows & Cultural Attractions",
        "Arts & Entertainment/Fun & Trivia",
        "Arts & Entertainment/Offbeat"
      ]
    },
    "Entertainment Industry": {
      "count": 101,
      "categories_full": [
        "Arts & Entertainment/Entertainment Industry"
      ]
    },
    "Humor & Jokes": {
      "count": 31,
      "categories_full": [
        "Arts & Entertainment/Humor & Jokes"
      ]
    },
    "Movies & Films": {
      "count": 73,
      "categories_full": [
        "Arts & Entertainment/Movies & Films"
      ]
    },
    "Music & Audio": {
      "count": 248,
      "categories_full": [
        "Arts & Entertainment/Music & Audio"
      ]
    },
    "Sports Entertainment": {
      "count": 39,
      "categories_full": [
        "Arts & Entertainment/Sports Entertainment"
      ]
    },
    "TV & Video": {
      "count": 208,
      "categories_full": [
        "Arts & Entertainment/TV & Video"
      ]
    },
    "Visual Art & Design": {
      "count": 242,
      "categories_full": [
        "Arts & Entertainment/Visual Art & Design"
      ]
    }
  },
  "Beauty & Personal Care": {
    "Misc": {
      "count": 71,
      "categories_full": [
        "Beauty & Personal Care/Anti-Aging",
        "Beauty & Personal Care/Body Art",
        "Beauty & Personal Care/Hair Care",
        "Beauty & Personal Care/Insect Repellent",
        "Beauty & Personal Care/Make-Up & Cosmetics",
        "Beauty & Personal Care/Nail Care",
        "Beauty & Personal Care/Oral Care",
        "Beauty & Personal Care/Shaving & Grooming",
        "Beauty & Personal Care/Skin Care",
        "Beauty & Personal Care/Spa & Medical Spa"
      ]
    },
    "Fashion & Style": {
      "count": 24,
      "categories_full": [
        "Beauty & Personal Care/Fashion & Style"
      ]
    }
  },
  "Business & Industrial": {
    "Agriculture": {
      "count": 39,
      "categories_full": [
        "Business & Industrial/Agriculture"
      ]
    },
    "Building Construction & Maintenance": {
      "count": 120,
      "categories_full": [
        "Business & Industrial/Building Construction & Maintenance"
      ]
    },
    "Business Management": {
      "count": 723,
      "categories_full": [
        "Business & Industrial/Business Management"
      ]
    },
    "Misc": {
      "count": 39,
      "categories_full": [
        "Business & Industrial/Chemical Industry",
        "Business & Industrial/Fishing Industry",
        "Business & Industrial/Food Production",
        "Business & Industrial/Food Service Industry",
        "Business & Industrial/Scientific Equipment & Services"
      ]
    },
    "Commercial & Industrial Printing": {
      "count": 38,
      "categories_full": [
        "Business & Industrial/Commercial & Industrial Printing"
      ]
    },
    "Design & Engineering": {
      "count": 269,
      "categories_full": [
        "Business & Industrial/Design & Engineering"
      ]
    },
    "Energy Industry": {
      "count": 33,
      "categories_full": [
        "Business & Industrial/Energy Industry"
      ]
    },
    "Industrial Goods & Manufacturing": {
      "count": 120,
      "categories_full": [
        "Business & Industrial/Industrial Goods & Manufacturing"
      ]
    },
    "Janitorial Products & Services": {
      "count": 20,
      "categories_full": [
        "Business & Industrial/Janitorial Products & Services"
      ]
    },
    "Manufacturing": {
      "count": 48,
      "categories_full": [
        "Business & Industrial/Manufacturing"
      ]
    },
    "Office": {
      "count": 150,
      "categories_full": [
        "Business & Industrial/Office"
      ]
    },
    "Retail Trade": {
      "count": 64,
      "categories_full": [
        "Business & Industrial/Retail Trade"
      ]
    },
    "Security Equipment & Services": {
      "count": 63,
      "categories_full": [
        "Business & Industrial/Security Equipment & Services"
      ]
    },
    "Shipping & Packing": {
      "count": 73,
      "categories_full": [
        "Business & Industrial/Shipping & Packing"
      ]
    }
  },
  "Computers & Consumer Electronics": {
    "Computers": {
      "count": 1068,
      "categories_full": [
        "Computers & Consumer Electronics/Computers"
      ]
    },
    "Consumer Electronics": {
      "count": 1171,
      "categories_full": [
        "Computers & Consumer Electronics/Consumer Electronics"
      ]
    }
  },
  "Dining & Nightlife": {
    "Misc": {
      "count": 6,
      "categories_full": [
        "Dining & Nightlife/Dining & Nightlife Reviews, Guides & Listings",
        "Dining & Nightlife/Nightclubs, Bars & Music Clubs"
      ]
    },
    "Restaurants": {
      "count": 49,
      "categories_full": [
        "Dining & Nightlife/Restaurants"
      ]
    }
  },
  "Family & Community": {
    "Baby, Parenting & Family": {
      "count": 87,
      "categories_full": [
        "Family & Community/Baby, Parenting & Family"
      ]
    },
    "Community Service & Social Organizations": {
      "count": 195,
      "categories_full": [
        "Family & Community/Community Service & Social Organizations"
      ]
    },
    "Domestic & Personal Resources": {
      "count": 64,
      "categories_full": [
        "Family & Community/Domestic & Personal Resources"
      ]
    },
    "Faith & Belief": {
      "count": 76,
      "categories_full": [
        "Family & Community/Faith & Belief"
      ]
    },
    "Romance & Relationships": {
      "count": 190,
      "categories_full": [
        "Family & Community/Romance & Relationships"
      ]
    }
  },
  "Finance": {
    "Misc": {
      "count": 16,
      "categories_full": [
        "Finance/ATM Sales & Processing",
        "Finance/Business News & Media"
      ]
    },
    "Accounting & Auditing": {
      "count": 93,
      "categories_full": [
        "Finance/Accounting & Auditing"
      ]
    },
    "Banking": {
      "count": 55,
      "categories_full": [
        "Finance/Banking"
      ]
    },
    "Business Finance": {
      "count": 64,
      "categories_full": [
        "Finance/Business Finance"
      ]
    },
    "Credit & Lending": {
      "count": 116,
      "categories_full": [
        "Finance/Credit & Lending"
      ]
    },
    "Financial Planning & Management": {
      "count": 62,
      "categories_full": [
        "Finance/Financial Planning & Management"
      ]
    },
    "Grants, Scholarships & Financial Aid": {
      "count": 56,
      "categories_full": [
        "Finance/Grants, Scholarships & Financial Aid"
      ]
    },
    "Insurance": {
      "count": 28,
      "categories_full": [
        "Finance/Insurance"
      ]
    },
    "Investing": {
      "count": 119,
      "categories_full": [
        "Finance/Investing"
      ]
    },
    "Money Transfer & Wire Services": {
      "count": 28,
      "categories_full": [
        "Finance/Money Transfer & Wire Services"
      ]
    }
  },
  "Food & Groceries": {
    "Misc": {
      "count": 41,
      "categories_full": [
        "Food & Groceries/Beverages",
        "Food & Groceries/Household Supplies",
        "Food & Groceries/Online Grocery Shopping & Grocery Delivery"
      ]
    },
    "Food": {
      "count": 73,
      "categories_full": [
        "Food & Groceries/Food"
      ]
    }
  },
  "Health": {
    "Misc": {
      "count": 5,
      "categories_full": [
        "Health/Biotech & Pharmaceutical"
      ]
    },
    "Health Care Services": {
      "count": 60,
      "categories_full": [
        "Health/Health Care Services"
      ]
    },
    "Health Conditions & Concerns": {
      "count": 240,
      "categories_full": [
        "Health/Health Conditions & Concerns"
      ]
    },
    "Medical Devices, Equipment & Supplies": {
      "count": 41,
      "categories_full": [
        "Health/Medical Devices, Equipment & Supplies"
      ]
    },
    "Nutrition & Dieting": {
      "count": 64,
      "categories_full": [
        "Health/Nutrition & Dieting"
      ]
    },
    "Pharmacy": {
      "count": 25,
      "categories_full": [
        "Health/Pharmacy"
      ]
    },
    "Professional Medical Resources": {
      "count": 36,
      "categories_full": [
        "Health/Professional Medical Resources"
      ]
    }
  },
  "Hobbies & Leisure": {
    "Misc": {
      "count": 37,
      "categories_full": [
        "Hobbies & Leisure/Ancestry & Genealogy",
        "Hobbies & Leisure/Astronomy",
        "Hobbies & Leisure/Birding",
        "Hobbies & Leisure/Prizes & Competitions",
        "Hobbies & Leisure/Scale Models & Model Building",
        "Hobbies & Leisure/Wine & Beer Collecting & Brewing"
      ]
    },
    "Antiques & Collectibles": {
      "count": 26,
      "categories_full": [
        "Hobbies & Leisure/Antiques & Collectibles"
      ]
    },
    "Arts & Crafts": {
      "count": 28,
      "categories_full": [
        "Hobbies & Leisure/Arts & Crafts"
      ]
    },
    "Camping & Outdoor Recreation": {
      "count": 21,
      "categories_full": [
        "Hobbies & Leisure/Camping & Outdoor Recreation"
      ]
    },
    "Cooking": {
      "count": 70,
      "categories_full": [
        "Hobbies & Leisure/Cooking"
      ]
    },
    "Gardening": {
      "count": 21,
      "categories_full": [
        "Hobbies & Leisure/Gardening"
      ]
    },
    "Pets & Animals": {
      "count": 47,
      "categories_full": [
        "Hobbies & Leisure/Pets & Animals"
      ]
    },
    "Photo & Video": {
      "count": 98,
      "categories_full": [
        "Hobbies & Leisure/Photo & Video"
      ]
    },
    "Recreational Activity Education": {
      "count": 29,
      "categories_full": [
        "Hobbies & Leisure/Recreational Activity Education"
      ]
    },
    "Toys & Games": {
      "count": 403,
      "categories_full": [
        "Hobbies & Leisure/Toys & Games"
      ]
    }
  },
  "Home & Garden": {
    "Misc": {
      "count": 101,
      "categories_full": [
        "Home & Garden/Bathroom",
        "Home & Garden/Bedding & Linens",
        "Home & Garden/Doorbells & Door Knockers",
        "Home & Garden/Home & Garden Media & Publications",
        "Home & Garden/Home Appliances",
        "Home & Garden/Home Furniture",
        "Home & Garden/Home Heating & Cooling",
        "Home & Garden/Home Laundry",
        "Home & Garden/Home Safety & Security",
        "Home & Garden/Home Storage & Organization",
        "Home & Garden/Kitchen & Bathroom Cabinets",
        "Home & Garden/Lights & Lighting",
        "Home & Garden/Water Filters"
      ]
    },
    "Home Decor & Interior Decorating": {
      "count": 58,
      "categories_full": [
        "Home & Garden/Home Decor & Interior Decorating"
      ]
    },
    "Home Improvement & Maintenance": {
      "count": 64,
      "categories_full": [
        "Home & Garden/Home Improvement & Maintenance"
      ]
    },
    "Kitchen & Dining": {
      "count": 20,
      "categories_full": [
        "Home & Garden/Kitchen & Dining"
      ]
    },
    "Residential Cleaning": {
      "count": 28,
      "categories_full": [
        "Home & Garden/Residential Cleaning"
      ]
    },
    "Yard, Garden & Patio": {
      "count": 65,
      "categories_full": [
        "Home & Garden/Yard, Garden & Patio"
      ]
    }
  },
  "Internet & Telecom": {
    "Cable Services": {
      "count": 24,
      "categories_full": [
        "Internet & Telecom/Cable Services"
      ]
    },
    "Misc": {
      "count": 30,
      "categories_full": [
        "Internet & Telecom/Calling Cards",
        "Internet & Telecom/Satellite Services",
        "Internet & Telecom/Teleconferencing",
        "Internet & Telecom/Telegrams"
      ]
    },
    "Internet": {
      "count": 851,
      "categories_full": [
        "Internet & Telecom/Internet"
      ]
    },
    "VOIP": {
      "count": 32,
      "categories_full": [
        "Internet & Telecom/VOIP"
      ]
    },
    "Telephony": {
      "count": 842,
      "categories_full": [
        "Internet & Telecom/Telephony"
      ]
    }
  },
  "Jobs & Education": {
    "Education & Training": {
      "count": 300,
      "categories_full": [
        "Jobs & Education/Education & Training"
      ]
    },
    "Jobs & Careers": {
      "count": 232,
      "categories_full": [
        "Jobs & Education/Jobs & Careers"
      ]
    }
  },
  "Law & Government": {
    "Misc": {
      "count": 53,
      "categories_full": [
        "Law & Government/Census Services",
        "Law & Government/Emergency Services",
        "Law & Government/Government",
        "Law & Government/Government Consulting & Contracting",
        "Law & Government/Law Enforcement & Protective Services",
        "Law & Government/Military",
        "Law & Government/Politics",
        "Law & Government/Public Services"
      ]
    },
    "Legal": {
      "count": 39,
      "categories_full": [
        "Law & Government/Legal"
      ]
    }
  },
  "News, Media & Publications": {
    "Misc": {
      "count": 49,
      "categories_full": [
        "News, Media & Publications/Apparel Media & Publications",
        "News, Media & Publications/Celebrities & Entertainment News",
        "News, Media & Publications/Local News, Media & Publications",
        "News, Media & Publications/Magazines & Magazine Subscriptions",
        "News, Media & Publications/Men's Interests Media & Publications",
        "News, Media & Publications/Newspapers",
        "News, Media & Publications/Political News & Media",
        "News, Media & Publications/Vehicle Media & Publications"
      ]
    },
    "Books & Literature": {
      "count": 65,
      "categories_full": [
        "News, Media & Publications/Books & Literature"
      ]
    },
    "Online Media": {
      "count": 267,
      "categories_full": [
        "News, Media & Publications/Online Media"
      ]
    },
    "Publishing": {
      "count": 24,
      "categories_full": [
        "News, Media & Publications/Publishing"
      ]
    },
    "Reference Materials & Resources": {
      "count": 68,
      "categories_full": [
        "News, Media & Publications/Reference Materials & Resources"
      ]
    },
    "Weather": {
      "count": 28,
      "categories_full": [
        "News, Media & Publications/Weather"
      ]
    }
  },
  "Occasions & Gifts": {
    "Misc": {
      "count": 15,
      "categories_full": [
        "Occasions & Gifts/Cards & Greetings",
        "Occasions & Gifts/Flower Arrangements",
        "Occasions & Gifts/Parties & Party Supplies"
      ]
    },
    "Gifts": {
      "count": 37,
      "categories_full": [
        "Occasions & Gifts/Gifts"
      ]
    },
    "Holidays & Seasonal Events": {
      "count": 46,
      "categories_full": [
        "Occasions & Gifts/Holidays & Seasonal Events"
      ]
    },
    "Special Occasions": {
      "count": 24,
      "categories_full": [
        "Occasions & Gifts/Special Occasions"
      ]
    }
  },
  "Real Estate": {
    "Misc": {
      "count": 42,
      "categories_full": [
        "Real Estate/Commercial & Investment Real Estate",
        "Real Estate/Escrow & Real Estate Titling",
        "Real Estate/House Plans & Floor Plans",
        "Real Estate/Housing Market & Real Estate Prices",
        "Real Estate/Property Development",
        "Real Estate/Property Inspections & Appraisals",
        "Real Estate/Relocation & Household Moving",
        "Real Estate/Vacation Properties & Second Homes"
      ]
    },
    "Property Management": {
      "count": 20,
      "categories_full": [
        "Real Estate/Property Management"
      ]
    },
    "Real Estate Agents & Brokerages": {
      "count": 26,
      "categories_full": [
        "Real Estate/Real Estate Agents & Brokerages"
      ]
    },
    "Real Estate Listings": {
      "count": 48,
      "categories_full": [
        "Real Estate/Real Estate Listings"
      ]
    }
  },
  "Retailers & General Merchandise": {
    "Misc": {
      "count": 40,
      "categories_full": [
        "Retailers & General Merchandise/Coupons & Rebates",
        "Retailers & General Merchandise/Informal Selling & Exchanging",
        "Retailers & General Merchandise/Rental Services",
        "Retailers & General Merchandise/Wholesalers & Liquidators"
      ]
    },
    "Shopping Portals & Search Engines": {
      "count": 25,
      "categories_full": [
        "Retailers & General Merchandise/Shopping Portals & Search Engines"
      ]
    }
  },
  "Sports & Fitness": {
    "Misc": {
      "count": 22,
      "categories_full": [
        "Sports & Fitness/Boating & Water Recreation",
        "Sports & Fitness/Sports & Fitness Apparel"
      ]
    },
    "Fitness": {
      "count": 119,
      "categories_full": [
        "Sports & Fitness/Fitness"
      ]
    },
    "Sporting Goods": {
      "count": 57,
      "categories_full": [
        "Sports & Fitness/Sporting Goods"
      ]
    },
    "Sports": {
      "count": 138,
      "categories_full": [
        "Sports & Fitness/Sports"
      ]
    },
    "Sports Instruction & Coaching": {
      "count": 38,
      "categories_full": [
        "Sports & Fitness/Sports Instruction & Coaching"
      ]
    },
    "Sports News & Media": {
      "count": 38,
      "categories_full": [
        "Sports & Fitness/Sports News & Media"
      ]
    }
  },
  "Travel & Tourism": {
    "Accommodations": {
      "count": 42,
      "categories_full": [
        "Travel & Tourism/Accommodations"
      ]
    },
    "Air Travel": {
      "count": 34,
      "categories_full": [
        "Travel & Tourism/Air Travel"
      ]
    },
    "Misc": {
      "count": 61,
      "categories_full": [
        "Travel & Tourism/Cruises & Cruise Services",
        "Travel & Tourism/Last Minute Travel",
        "Travel & Tourism/Luggage & Travel Accessories",
        "Travel & Tourism/Luggage Services",
        "Travel & Tourism/Specialty Travel",
        "Travel & Tourism/Travel Documents",
        "Travel & Tourism/Travel Media & Publications"
      ]
    },
    "Tour Operators": {
      "count": 27,
      "categories_full": [
        "Travel & Tourism/Tour Operators"
      ]
    },
    "Tourist Attractions & Destinations": {
      "count": 27,
      "categories_full": [
        "Travel & Tourism/Tourist Attractions & Destinations"
      ]
    },
    "Transportation & Excursions": {
      "count": 138,
      "categories_full": [
        "Travel & Tourism/Transportation & Excursions"
      ]
    },
    "Travel Booking Services": {
      "count": 75,
      "categories_full": [
        "Travel & Tourism/Travel Booking Services"
      ]
    },
    "Vacation Packages": {
      "count": 22,
      "categories_full": [
        "Travel & Tourism/Vacation Packages"
      ]
    }
  },
  "Vehicles": {
    "Misc": {
      "count": 38,
      "categories_full": [
        "Vehicles/Boats & Watercraft",
        "Vehicles/Driving Instruction & Driver Education",
        "Vehicles/Personal Airplanes & Aircraft",
        "Vehicles/Vehicle Dealers",
        "Vehicles/Vehicle Donation & Removal",
        "Vehicles/Vehicle Specs, Reviews & Comparisons",
        "Vehicles/Vehicle Towing",
        "Vehicles/Vehicle Window Tinting"
      ]
    },
    "Motor Vehicles": {
      "count": 104,
      "categories_full": [
        "Vehicles/Motor Vehicles"
      ]
    },
    "Vehicle Parts & Accessories": {
      "count": 61,
      "categories_full": [
        "Vehicles/Vehicle Parts & Accessories"
      ]
    },
    "Vehicle Repair & Maintenance": {
      "count": 38,
      "categories_full": [
        "Vehicles/Vehicle Repair & Maintenance"
      ]
    }
  }
}